Industry,78
Accounting/Finance,89
Advertising/Public Relations,56
Aerospace/Aviation,85
Arts/Entertainment/Publishing,74
Automotive,96
Banking/Mortgage,74
Business Development,85
Business Opportunity,96
Clerical/Administrative,12
Construction/Facilities,96
Consumer Goods,25
Customer Service,336
Education/Training,855
Energy/Utilities,7455
Engineering,96455
Government/Military,56556
Green,5566
Healthcare,5
Hospitality/Travel,425
Human Resources,5
Installation/Maintenance,65
Insurance,25
Internet,25
Job Search Aids,2
Law Enforcement/Security,52
Legal,65
Management/Executive,89
Manufacturing/Operations,52
Marketing,56
Non-Profit/Volunteer,2
Pharmaceutical/Biotech,5
Professional Services,2
QA/Quality Control,2
Real Estate,2
Restaurant/Food Service,2
Retail,3
Sales,2
Science/Research,32
Skilled Labor,2
Technology,2
Telecommunications,2
Transportation/Logistics,23
Other,6
